序号,链接,节点数
0,https://gitlab.com/colloq168/nodefiltrate/-/raw/main/filtrate?ref_type=heads,0
1,https://raw.githubusercontent.com/Alvin9999/pac2/master/clash.meta2/1/config.yaml,0
2,https://raw.githubusercontent.com/Alvin9999/pac2/master/clash.meta2/13/config.yaml,0
3,https://raw.githubusercontent.com/Alvin9999/pac2/master/clash.meta2/15/config.yaml,0
4,https://raw.githubusercontent.com/Alvin9999/pac2/master/clash.meta2/2/config.yaml,0
5,https://raw.githubusercontent.com/Alvin9999/pac2/master/clash.meta2/config.yaml,0
6,https://raw.githubusercontent.com/Barabama/FreeNodes/main/nodes/blues.yaml,60
7,https://raw.githubusercontent.com/Barabama/FreeNodes/main/nodes/clashmeta.yaml,89
8,https://raw.githubusercontent.com/Barabama/FreeNodes/main/nodes/ndnode.yaml,0
9,https://raw.githubusercontent.com/Barabama/FreeNodes/main/nodes/nodefree.yaml,23
10,https://raw.githubusercontent.com/Barabama/FreeNodes/main/nodes/nodev2ray.yaml,0
11,https://raw.githubusercontent.com/Barabama/FreeNodes/main/nodes/v2rayshare.yaml,0
12,https://raw.githubusercontent.com/Barabama/FreeNodes/main/nodes/wenode.yaml,0
13,https://raw.githubusercontent.com/Barabama/FreeNodes/main/nodes/yudou66.yaml,163
14,https://raw.githubusercontent.com/Huibq/TrojanLinks/master/links/vmess,0
15,https://raw.githubusercontent.com/Surfboardv2ray/TGParse/main/python/hy2,10
16,https://raw.githubusercontent.com/Surfboardv2ray/TGParse/main/python/hysteria2,28
17,https://raw.githubusercontent.com/free18/v2ray/main/c.yaml,315
18,https://raw.githubusercontent.com/peasoft/NoMoreWalls/master/list.meta.yml,0
19,https://raw.githubusercontent.com/qjlxg/hy2/main/splitted/hy2,0
20,https://raw.githubusercontent.com/ripaojiedian/freenode/main/clash,14
21,https://raw.githubusercontent.com/ripaojiedian/freenode/main/sub,14
22,https://raw.githubusercontent.com/shaoyouvip/free/refs/heads/main/mihomo.yaml,0
23,https://raw.githubusercontent.com/telegeam/freenode/refs/heads/master/clash.yaml,0
24,https://raw.githubusercontent.com/zhangkaiitugithub/passcro/main/speednodes.yaml,59
25,https://w1MEbJ.absslk.xyz/6af0ae1621051f2cb0d5bfd753e1e7b3,0
26,dynamic://peasoft,0

总计,,512
